{
  "summary": {
    "totalFindings": 5,
    "criticalCount": 1,
    "highCount": 2,
    "mediumCount": 1,
    "lowCount": 1
  },
  "findings": [
    {
      "id": "KSV001",
      "name": "Privileged Container",
      "severity": "Critical",
      "description": "Container is running in privileged mode, which allows unrestricted access to host resources.",
      "remediation": "Set securityContext.privileged to false.",
      "resource": {
        "namespace": "default",
        "kind": "Pod",
        "name": "nginx-pod"
      }
    },
    {
      "id": "KSV012",
      "name": "Runs as Root",
      "severity": "High",
      "description": "Container is running as root user, increasing risk of privilege escalation.",
      "remediation": "Set securityContext.runAsNonRoot to true.",
      "resource": {
        "namespace": "default",
        "kind": "Deployment",
        "name": "app-deployment"
      }
    },
    {
      "id": "KSV013",
      "name": "Host Network Access",
      "severity": "High",
      "description": "Pod has access to host network, potentially exposing sensitive traffic.",
      "remediation": "Set hostNetwork to false.",
      "resource": {
        "namespace": "kube-system",
        "kind": "Pod",
        "name": "coredns"
      }
    },
    {
      "id": "KSV017",
      "name": "Missing Resource Limits",
      "severity": "Medium",
      "description": "Pod lacks CPU/memory limits, risking resource exhaustion.",
      "remediation": "Define resources.limits in pod spec.",
      "resource": {
        "namespace": "default",
        "kind": "Pod",
        "name": "web-app"
      }
    },
    {
      "id": "KSV020",
      "name": "Unnecessary Capabilities",
      "severity": "Low",
      "description": "Container has unnecessary capabilities, increasing attack surface.",
      "remediation": "Remove capabilities like NET_ADMIN from securityContext.",
      "resource": {
        "namespace": "default",
        "kind": "Pod",
        "name": "worker"
      }
    }
  ],
  "timestamp": "2025-04-19T10:00:00Z",
  "framework": "NSA, MITRE ATT&CK"
}